{
  "experiment_id": "lightweight_study_1755933203",
  "baseline_accuracy": 0.6,
  "enhanced_accuracy": 0.625,
  "improvement_percentage": 4.1666666666666705,
  "statistical_significance": 0.3,
  "confidence_interval": [
    -0.07045572272001294,
    0.12045572272001298
  ],
  "processing_overhead_ms": 0.10743021965026855,
  "false_positive_improvement": 0.0,
  "false_negative_improvement": 0.0625,
  "robustness_score": 0.0625,
  "metadata": {
    "dataset_size": 200,
    "baseline_metrics": {
      "total_cases": 200,
      "true_positives": 0,
      "false_positives": 0,
      "true_negatives": 120,
      "false_negatives": 80,
      "processing_times": [
        0.013113021850585938,
        0.0064373016357421875,
        0.0040531158447265625,
        0.006198883056640625,
        0.0050067901611328125,
        0.0045299530029296875,
        0.0054836273193359375,
        0.0045299530029296875,
        0.0045299530029296875,
        0.00476837158203125,
        0.004291534423828125,
        0.00476837158203125,
        0.004291534423828125,
        0.004291534423828125,
        0.004291534423828125,
        0.00858306884765625,
        0.0050067901611328125,
        0.003337860107421875,
        0.0045299530029296875,
        0.004291534423828125,
        0.0045299530029296875,
        0.003814697265625,
        0.0040531158447265625,
        0.0030994415283203125,
        0.0045299530029296875,
        0.004291534423828125,
        0.0045299530029296875,
        0.0040531158447265625,
        0.0045299530029296875,
        0.004291534423828125,
        0.00476837158203125,
        0.0040531158447265625,
        0.004291534423828125,
        0.0040531158447265625,
        0.0040531158447265625,
        0.00476837158203125,
        0.004291534423828125,
        0.0040531158447265625,
        0.0026226043701171875,
        0.0045299530029296875,
        0.0026226043701171875,
        0.00476837158203125,
        0.003337860107421875,
        0.0040531158447265625,
        0.0054836273193359375,
        0.0035762786865234375,
        0.0040531158447265625,
        0.003814697265625,
        0.0045299530029296875,
        0.004291534423828125,
        0.0045299530029296875,
        0.0040531158447265625,
        0.0040531158447265625,
        0.0040531158447265625,
        0.00476837158203125,
        0.004291534423828125,
        0.004291534423828125,
        0.0040531158447265625,
        0.003814697265625,
        0.003814697265625,
        0.0040531158447265625,
        0.0045299530029296875,
        0.003814697265625,
        0.00476837158203125,
        0.0040531158447265625,
        0.0045299530029296875,
        0.003337860107421875,
        0.004291534423828125,
        0.0045299530029296875,
        0.003337860107421875,
        0.003337860107421875,
        0.0040531158447265625,
        0.0040531158447265625,
        0.0073909759521484375,
        0.003814697265625,
        0.0045299530029296875,
        0.003814697265625,
        0.0040531158447265625,
        0.003337860107421875,
        0.003814697265625,
        0.00286102294921875,
        0.0030994415283203125,
        0.003814697265625,
        0.0035762786865234375,
        0.0035762786865234375,
        0.0045299530029296875,
        0.005245208740234375,
        0.0040531158447265625,
        0.00476837158203125,
        0.0040531158447265625,
        0.003814697265625,
        0.0045299530029296875,
        0.003337860107421875,
        0.0045299530029296875,
        0.004291534423828125,
        0.0050067901611328125,
        0.003814697265625,
        0.003337860107421875,
        0.003814697265625,
        0.003337860107421875,
        0.00476837158203125,
        0.004291534423828125,
        0.003814697265625,
        0.0035762786865234375,
        0.004291534423828125,
        0.003337860107421875,
        0.003337860107421875,
        0.003814697265625,
        0.003337860107421875,
        0.0040531158447265625,
        0.003814697265625,
        0.0040531158447265625,
        0.006198883056640625,
        0.0050067901611328125,
        0.0045299530029296875,
        0.0095367431640625,
        0.008106231689453125,
        0.007867813110351562,
        0.008821487426757812,
        0.004291534423828125,
        0.00667572021484375,
        0.007867813110351562,
        0.013589859008789062,
        0.0073909759521484375,
        0.006198883056640625,
        0.003814697265625,
        0.0050067901611328125,
        0.004291534423828125,
        0.011205673217773438,
        0.009059906005859375,
        0.0095367431640625,
        0.018835067749023438,
        0.011682510375976562,
        0.008821487426757812,
        0.007152557373046875,
        0.007867813110351562,
        0.0073909759521484375,
        0.0050067901611328125,
        0.003814697265625,
        0.0035762786865234375,
        0.0045299530029296875,
        0.00476837158203125,
        0.0057220458984375,
        0.0035762786865234375,
        0.0040531158447265625,
        0.0057220458984375,
        0.0040531158447265625,
        0.0045299530029296875,
        0.003337860107421875,
        0.003814697265625,
        0.004291534423828125,
        0.004291534423828125,
        0.0030994415283203125,
        0.0054836273193359375,
        0.00476837158203125,
        0.0040531158447265625,
        0.0040531158447265625,
        0.003814697265625,
        0.0069141387939453125,
        0.0040531158447265625,
        0.003337860107421875,
        0.004291534423828125,
        0.003337860107421875,
        0.0045299530029296875,
        0.004291534423828125,
        0.0050067901611328125,
        0.004291534423828125,
        0.0045299530029296875,
        0.004291534423828125,
        0.004291534423828125,
        0.0035762786865234375,
        0.0050067901611328125,
        0.0040531158447265625,
        0.0040531158447265625,
        0.004291534423828125,
        0.003814697265625,
        0.0040531158447265625,
        0.0030994415283203125,
        0.0030994415283203125,
        0.003814697265625,
        0.004291534423828125,
        0.004291534423828125,
        0.003337860107421875,
        0.004291534423828125,
        0.005245208740234375,
        0.0069141387939453125,
        0.003814697265625,
        0.003814697265625,
        0.005245208740234375,
        0.003814697265625,
        0.003814697265625,
        0.00476837158203125,
        0.004291534423828125,
        0.0035762786865234375,
        0.003814697265625,
        0.0045299530029296875,
        0.0035762786865234375,
        0.0045299530029296875,
        0.004291534423828125,
        0.004291534423828125
      ],
      "accuracy": 0.6,
      "precision": 0,
      "recall": 0.0,
      "f1_score": 0,
      "false_positive_rate": 0.0,
      "false_negative_rate": 1.0,
      "avg_processing_time": 0.004754066467285156
    },
    "enhanced_metrics": {
      "total_cases": 200,
      "true_positives": 5,
      "false_positives": 0,
      "true_negatives": 120,
      "false_negatives": 75,